{
  "project_info": {
    "project_number": "376531132271",
    "firebase_url": "https://videoforvk-97509.firebaseio.com",
    "project_id": "videoforvk-97509",
    "storage_bucket": "videoforvk-97509.appspot.com"
  },
  "client": [
    {
      "client_info": {
        "mobilesdk_app_id": "1:376531132271:android:0ec03931020a0a54",
        "android_client_info": {
          "package_name": "akhmedoff.usman.thevt"
        }
      },
      "oauth_client": [
        {
          "client_id": "376531132271-5rc2lelqg0rd0b2kf0pcd5tv02ug4efd.apps.googleusercontent.com",
          "client_type": 3
        }
      ],
      "api_key": [
        {
          "current_key": "AIzaSyAxCEgpwVZuRhfsj861PXsAR84t34yZ2Rw"
        }
      ],
      "services": {
        "analytics_service": {
          "status": 1
        },
        "appinvite_service": {
          "status": 1,
          "other_platform_oauth_client": []
        },
        "ads_service": {
          "status": 2
        }
      }
    },
    {
      "client_info": {
        "mobilesdk_app_id": "1:376531132271:android:aae049b09ace5674",
        "android_client_info": {
          "package_name": "akhmedoff.usman.videoforvk"
        }
      },
      "oauth_client": [
        {
          "client_id": "376531132271-7qo8i0fvk881jrdqf35fcbupsmj20p0p.apps.googleusercontent.com",
          "client_type": 1,
          "android_info": {
            "package_name": "akhmedoff.usman.videoforvk",
            "certificate_hash": "363ed5f739a6d52f4b57a32fbb538e1df81945e8"
          }
        },
        {
          "client_id": "376531132271-4piksrghnraq0ucb8kp1jvg5irk5rg7r.apps.googleusercontent.com",
          "client_type": 1,
          "android_info": {
            "package_name": "akhmedoff.usman.videoforvk",
            "certificate_hash": "6fff25b7e9a9eebf5bd94a9d9d81231548ccb18d"
          }
        },
        {
          "client_id": "376531132271-lum7va6cu29v2tok683f4k3u73ef039h.apps.googleusercontent.com",
          "client_type": 1,
          "android_info": {
            "package_name": "akhmedoff.usman.videoforvk",
            "certificate_hash": "de66acf543b00641cfec8cc5173fb3014e584a16"
          }
        },
        {
          "client_id": "376531132271-5rc2lelqg0rd0b2kf0pcd5tv02ug4efd.apps.googleusercontent.com",
          "client_type": 3
        }
      ],
      "api_key": [
        {
          "current_key": "AIzaSyAxCEgpwVZuRhfsj861PXsAR84t34yZ2Rw"
        }
      ],
      "services": {
        "analytics_service": {
          "status": 1
        },
        "appinvite_service": {
          "status": 2,
          "other_platform_oauth_client": [
            {
              "client_id": "376531132271-5rc2lelqg0rd0b2kf0pcd5tv02ug4efd.apps.googleusercontent.com",
              "client_type": 3
            }
          ]
        },
        "ads_service": {
          "status": 2
        }
      }
    }
  ],
  "configuration_version": "1"
}